{"cameraMode":{"drawMode":0,"name":"Shaded","section":"Shading Mode"},"sceneLighting":true,"audioPlay":false,"sceneViewState":{"showFog":true,"showMaterialUpdate":false,"showSkybox":true,"showFlares":true,"showImageEffects":true,"showParticleSystems":true},"in2DMode":false,"pivot":{"x":3.750143527984619,"y":5.986701011657715,"z":-7.635066032409668},"rotation":{"x":-0.1750737875699997,"y":0.11070550233125687,"z":-0.018670720979571344,"w":-0.9781333804130554},"size":15.96157169342041,"orthographic":false}